{"count":1,"self":71.02512,"total":75.077893199999991,"children":{"InitializeActuators":{"count":12,"self":0.0019998999999999998,"total":0.0019998999999999998,"children":null},"InitializeSensors":{"count":12,"self":0.0050005,"total":0.0050005,"children":null},"AgentSendState":{"count":1048,"self":0.0110174,"total":4.0167581,"children":{"GridSensor.Update":{"count":2520,"self":3.7287496,"total":3.7287497999999997,"children":null},"CollectObservations":{"count":2520,"self":0.0019993999999999997,"total":0.0019993999999999997,"children":null},"WriteActionMask":{"count":2520,"self":0.0019988,"total":0.0019988,"children":null},"RequestDecision":{"count":2520,"self":0.0039973,"total":0.2729927,"children":{"GridSensor.GetCompressedObservation":{"count":2520,"self":0.2689954,"total":0.2689954,"children":null}}}}},"DecideAction":{"count":1048,"self":0.013005599999999999,"total":0.013005599999999999,"children":null},"AgentAct":{"count":1048,"self":0.016008599999999998,"total":0.016008599999999998,"children":null}},"gauges":{},"metadata":{"timer_format_version":"0.1.0","start_time_seconds":"1625738777","unity_version":"2021.1.13f1","command_line_arguments":"C:\\Program Files\\Unity\\Hub\\Editor\\2021.1.13f1\\Editor\\Unity.exe -projectpath C:\/Users\/gcid\/Desktop\/Game-AI-School-2021-AI-Game-Jam\/Ship Jam! -useHub -hubIPC -cloudEnvironment production -hubSessionId a04b0660-dfb8-11eb-a1de-9b44fed04831 -accessToken __Yn7LCk1KWM1T6GFJxJbn2S4PSlMDRkX_JLf0Q0p0E006f","communication_protocol_version":"1.5.0","com.unity.ml-agents_version":"2.1.0-exp.1","scene_name":"Prototype","end_time_seconds":"1625738852"}}