{"count":1,"self":54.041939199999995,"total":449.2789398,"children":{"InitializeActuators":{"count":370,"self":0.0050009999999999994,"total":0.0050009999999999994,"children":null},"InitializeSensors":{"count":370,"self":0.0139986,"total":0.0139986,"children":null},"AgentSendState":{"count":30251,"self":20.859408,"total":26.741635199999997,"children":{"CollectObservations":{"count":309174,"self":0.21890779999999999,"total":0.21890779999999999,"children":null},"WriteActionMask":{"count":309174,"self":0.19100219999999998,"total":0.19100219999999998,"children":null},"RequestDecision":{"count":309174,"self":0.4427233,"total":5.4723169,"children":{"AgentInfo.ToProto":{"count":309174,"self":0.5757711,"total":5.0295936,"children":{"GenerateSensorData":{"count":309174,"self":3.6001992,"total":4.4538225,"children":{"RayPerceptionSensor.Perceive":{"count":309174,"self":0.85362319999999992,"total":0.85362319999999992,"children":null}}}}}}}}},"DecideAction":{"count":30251,"self":348.31032319999997,"total":348.3103251,"children":null},"AgentAct":{"count":30251,"self":20.1501072,"total":20.1501076,"children":null},"AgentInfo.ToProto":{"count":473,"self":0.0059672,"total":0.014936099999999999,"children":{"GenerateSensorData":{"count":473,"self":0.0059717,"total":0.0089689,"children":{"RayPerceptionSensor.Perceive":{"count":473,"self":0.0029971999999999998,"total":0.0029971999999999998,"children":null}}}}}},"gauges":{"Boat.CumulativeReward":{"count":206,"max":0.5,"min":-1,"runningAverage":-0.2057039,"value":0,"weightedAverage":-0.232413024}},"metadata":{"timer_format_version":"0.1.0","start_time_seconds":"1625818223","unity_version":"2021.1.13f1","command_line_arguments":"C:\\Program Files\\Unity\\Hub\\Editor\\2021.1.13f1\\Editor\\Unity.exe -projectpath C:\/Users\/gcid\/Desktop\/Game-AI-School-2021-AI-Game-Jam\/Ship Jam! -useHub -hubIPC -cloudEnvironment production -hubSessionId 6717ee80-e071-11eb-8216-5d8b37f45ae2 -accessToken ba68VwyKgCFMQhgKR6PKwsYM7qK-5vQmR4_asxcpK5Q006f","communication_protocol_version":"1.5.0","com.unity.ml-agents_version":"2.1.0-exp.1","scene_name":"Prototype","end_time_seconds":"1625818672"}}