{"count":1,"self":348.6849536,"total":466.79875699999997,"children":{"InitializeActuators":{"count":6,"self":0.0020001999999999997,"total":0.0020001999999999997,"children":null},"InitializeSensors":{"count":6,"self":0.0109886,"total":0.0109886,"children":null},"AgentSendState":{"count":22981,"self":0.412728,"total":95.3157421,"children":{"GridSensor.Update":{"count":27582,"self":94.6307648,"total":94.630765799999992,"children":null},"CollectObservations":{"count":27582,"self":0.0950148,"total":0.0950148,"children":null},"WriteActionMask":{"count":27582,"self":0.035058399999999997,"total":0.035058399999999997,"children":null},"RequestDecision":{"count":27582,"self":0.1421751,"total":0.1421751,"children":null}}},"DecideAction":{"count":22981,"self":10.1396512,"total":20.9120051,"children":{"GridSensor.Write":{"count":27582,"self":10.7723544,"total":10.772354199999999,"children":null}}},"AgentAct":{"count":22981,"self":1.6513862,"total":1.6653824,"children":{"GridSensor.Update":{"count":4,"self":0.013996199999999999,"total":0.013996199999999999,"children":null}}},"GridSensor.Update":{"count":58,"self":0.2056936,"total":0.2056936,"children":null}},"gauges":{"SoodBoats.CumulativeReward":{"count":62,"max":147.873932,"min":-256.381073,"runningAverage":-2.65209842,"value":-97.27974,"weightedAverage":-3.55406952}},"metadata":{"timer_format_version":"0.1.0","start_time_seconds":"1625795841","unity_version":"2021.1.13f1","command_line_arguments":"D:\\Programs\\Unity\\2021.1.13f1\\Editor\\Unity.exe -projectpath D:\/Workspace\/GameDev\/Game-AI-School-2021-AI-Game-Jam\/Ship Jam! -useHub -hubIPC -cloudEnvironment production -hubSessionId 4e1bd2e0-df0c-11eb-8dbf-6fe221d1bda5 -accessToken FWM49vYJVlMp1nHs94-TB0ZBbCllu3dxWln-_XT8QLI00cf","communication_protocol_version":"1.5.0","com.unity.ml-agents_version":"2.1.0-exp.1","scene_name":"SoodTestScene","end_time_seconds":"1625796308"}}